name,price,category,description,url,slug
Table Centre Piece Package – 2,£30.00,"Decorations, Lanterns & Decorations.","A beautiful, elegant table centre piece that works just as well as an aisle end.

Each table centre piece includes three glass cylinder vases of varying heights with either a pillar candle or the option of water and floating candles, set in the centre of the table along with greenery and a choice of table name / number frame. For the top table these look just as good set along the edge rather than in the centre.

Per table £30

There is also the option of using the glass vase as aisle ends before being moved up to the tables for a small additional cost. These images show LED candles but real candles are also an option. Chair drapes and optional extras are also possible.",https://www.incabella.co.uk/product/table-centre-piece-package-2/,table-centre-piece-package-2
Table Centre Piece Package,£25.00,"Decorations, Lanterns & Decorations.","A beautiful table centre piece that fills the room with warmth and elegance.

Each table centre piece includes an antique brass Mohani lantern with candle set on a rustic wood slice surrounded by fresh greenery, along with 5 diamond glass t-lights as well as a pretty table number holder and card.

Per table £25

There is also the option of using the wood slices and lanterns as aisle ends before being moved up to the tables for a small additional cost. Add in 3 small vases of flowers for £15 per table.",https://www.incabella.co.uk/product/table-centre-piece-package/,table-centre-piece-package
Full Decoration Package – Tier 2,"£1,000.00","Decorations, Lanterns & Decorations.","Take the stress out of doing it yourself and let Incabella do a full wedding set-up. From £1000 this package covers the decoration of all three floors of the mill.

The set up includes the following:

Full Downstairs set-up:

Full decoration of the downstair floor including the river window, your choice of post box, along with a large number of lanterns / t-lights / crates / potted flowers to make the ground floor look stunning

Ceremony room set-up to include:

On each corner of the stage: One Large White Wooden Lantern set on a crate along with at least 5 Glass Tall Vases / Hurricane Lanterns all with candles with lots of fresh greenery. Down the aisle: At the end of every other row, Mohani Lantern or a Large Glass Hurricane Lamp set on a log slice with candle. White sash on each aisle end chair.

Net of fairy lights along back wall in the ceremony room and fairy lights zig zagged across the ceremony room ceiling

Table Centre Pieces:

Incabella will move your chosen aisle ends to become your table centre pieces (based on 8-10 round tables or 8 round tables and one top table of two tables long), the tables will also have the addition of a table number frame and t-lights. Also includes greenery runner along top table.

Optional extras that can be added at an additional cost include greenery garlands / aisle runner / arch / garden games / firepit / additional flowers / bouquets and button holes.",https://www.incabella.co.uk/product/full-decoration-package-tier-2/,full-decoration-package-tier-2
Two Vintage Suitcases,£15.00,"Decorations, Furniture, Products.","Two Vintage suitcases

Dark tan colour

Use as a quirky table or an alternative to a post box

Also available as part of the Haybale package – see Haybales

2 for £15

1 for £10

Trunk and Suitcase package available for £30

2 Available

Cost to buy / replace £35 per suitcase",https://www.incabella.co.uk/product/two-vintage-suitcases/,two-vintage-suitcases
Hay Bales,£10.00,Furniture.,"We offer Hay Bale Hire for weddings at Sopley Mill (and other wedding venues on request). Hay Bales are a great way to create additional outdoor seating. They are an ideal height for seating – use them on their own for a very natural, country look or drape them with material and add cushions to form stylish country seating. If you decide to eat outside you can use them as seating for the tables or be creative and build them up to form a Hay Sofa! Hay Bales are placed on the lawn on the morning of your wedding and can be left out over night, we will clear them away the following morning.

Haybale hire cost: £10.00 per bale

Blankets: We offer the hire of blankets at an additional cost of £50 for 10 blankets or £25 for 5 blankets (please enquire for the colours I have available).

Haybale Package: Includes 10 hay bales, blankets, 2 cushions, a table, 2 potted flower pots (in season flowers such as daffodils (spring) lavender (summer), 2 Lanterns and and set up into haybale furniture for £160

Reviews

There are no reviews yet.

Add a review

Be the first to review “Hay Bales” Cancel reply
Your Review
Name *

Email *

Save my name, email, and website in this browser for the next time I comment.",https://www.incabella.co.uk/product/hay-bales/,hay-bales
Outdoor Ceremony Set-Up,£325.00,"Decorations, Lanterns & Decorations.","A beautiful, rustic way to make an outdoor ceremony look beautiful

The set up includes the following: At the end of aisle, next to the signing table each corner will be decorated with crates / cut logs / lanterns and potted flowers. Down the central aisle each bench end will have a mixture of potted flowers / lanterns. It also includes two large potted Olive Trees.

Add in a beautiful wooden arch with billowing white material for £165

This is all set up on the morning of your wedding. It can be tailored to your exact requirements, i.e. substituting one type of lantern for another etc. However I can not normally confirm an exact potted flower type as it depends on what is growing at the time. Please note that once I have set this up outside I am not available to move it inside if the weather changes, I can of course though set it up inside rather than outside but do need to know by the night before.",https://www.incabella.co.uk/product/outdoor-ceremony-set-up/,outdoor-ceremony-set-up
Table Centre Piece – Long table,£35.00,"Decorations, Lanterns & Decorations.","Ideal for rustic long tables.

This includes a greenery runner down the middle of the table interspersed with tall clear glass lanterns and t-lights.

Per table £35",https://www.incabella.co.uk/product/table-centre-piece-long-table/,table-centre-piece-long-table
Firepit,£100.00,"Firepit, Products.","This stunning sculptural firepit ball makes a unique statement to add drama and warmth to the outside of the Mill. The beautiful African Safari scene is hand carved around the ball which comes alive when lit. Measuring almost a metre in diameter it is a large striking statement that encourages people to gather around it.

£100 to hire for the duration of your wedding / event

Firewood not included.",https://www.incabella.co.uk/product/firepit/,firepit
Ceremony Room Set-up,£195.00,"Decorations, Lanterns & Decorations.","A beautiful, rustic way to make the ceremony room look and smell lovely.

The set up includes the following: On each corner of the stage: One Large White Wooden Lantern set on a crate along with at least 5 Glass Tall Vases / Hurricane Lanterns all with candles. Down the aisle: At the end of every other row, Mohani Lantern or a Large Glass Hurricane Lamp set on a log slice with candle. £195

Add in lots of fresh greenery for an additional £80

This is all set up on the morning of your wedding. It can be tailored to your exact requirements, i.e. substituting one type of lantern for another etc. Additional items can also be added at a reduced price such as:

Two small milk churns with flower arrangement £135

Ivory Chair Sashes tied to chairs 20 for £50

Fairy lights, aisle runners, additional floristry also available, please do ask for costs.",https://www.incabella.co.uk/product/ceremonyroomset-up/,ceremonyroomset-up
Ceiling Fairy lights – Ceremony Room,£125.00,"Decorations, Products.","Fairy lights zig zag across the ceiling of the ceremony room

Adds a soft, romantic touch to the room

Warm lights

Combine with fairy lights net across the back wall for an additional £100

Reviews

There are no reviews yet.

Add a review

Be the first to review “Ceiling Fairy lights – Ceremony Room” Cancel reply
Your Review
Name *

Email *

Save my name, email, and website in this browser for the next time I comment.",https://www.incabella.co.uk/product/ceiling-fairy-lights-ceremony-room/,ceiling-fairy-lights-ceremony-room
Fairylight Wall Net – Ceremony Room,£125.00,,"Back wall of the ceremony room is covered in fairy lights

Adds a soft, romantic touch to the room

Warm lights

Combine with zig zag lights across the ceiling for an additional £100

Reviews

There are no reviews yet.

Add a review

Be the first to review “Fairylight Wall Net – Ceremony Room” Cancel reply
Your Review
Name *

Email *

Save my name, email, and website in this browser for the next time I comment.",https://www.incabella.co.uk/product/fairylight-wall-net-ceremony-room/,fairylight-wall-net-ceremony-room
Ground Floor Decoration Package,£245.00,"Decorations, Lanterns & Decorations.","Let Incabella decorate the bottom floor of Sopley Mill to make it look wonderful .

The set up includes the following:

The River Window Display (normally £105, see further details)

Choice of Post Box, set up with flowers / t-lights

Heart Light

Moroccan Lantern

Many additional lanterns and t-lights

Extra t-lights

Potted flowers

Small potted trees such as Olives

Includes set up on the morning of your wedding. Please do speak to Lucy as to what flowers are likely to be in season for your wedding date or if you are working towards any particular colour schemes.",https://www.incabella.co.uk/product/ground-floor-decoration-package/,ground-floor-decoration-package
Stairwell Fairy Light Globes,£105.00,"Decorations, Products.","40 cm Globe Diameter

240 warm white LEDs

Price is for six globes hanging down the stairwell and includes installation

For Hire at Sopley Mill only

Globes can be hire individually for other locations at the Mill for £20 per globe

Reviews

There are no reviews yet.

Add a review

Be the first to review “Stairwell Fairy Light Globes” Cancel reply
Your Review
Name *

Email *

Save my name, email, and website in this browser for the next time I comment.",https://www.incabella.co.uk/product/fairy-light-globes/,fairy-light-globes
Full Decoration Package – Tier 1,£695.00,"Decorations, Lanterns & Decorations.","Take the stress out of doing it yourself and let Incabella do a full wedding set-up. From £695 this package covers the decoration of all three floors of the mill.

The set up includes the following:

Full Downstairs set-up:

Full decoration of the downstair floor including the river window, your choice of post box, along with a large number of lanterns / t-lights / crates / potted flowers to make the ground floor look stunning

Ceremony room set-up to include:

On each corner of the stage: One Large White Wooden Lantern set on a crate along with at least 5 Glass Tall Vases / Hurricane Lanterns all with candles with lots of fresh greenery. Down the aisle: At the end of every other row, Mohani Lantern or a Large Glass Hurricane Lamp set on a log slice with candle. If you would like the outdoor ceremony instead there is a £50 supplement.

Table Centre Pieces:

Incabella will move your chosen aisle ends to become your table centre pieces (based on 8-10 round tables or 8 round tables and one top table of two tables long), the tables will also have the addition of a table number frame and t-lights

Optional extras that can be added at an additional cost include greenery garlands / chair sashes / fairy lights / garden games / firepit / additional flowers / bouquets and button holes.",https://www.incabella.co.uk/product/full-decoration-package-silver/,full-decoration-package-silver
River Window Set-up,£95.00,"Decorations, Lanterns & Decorations.","Let Incabella decorate the alcove in the River Window to make it look fantastic

The set up includes lots of seasonal potted plants, olive tree, crates, small love letters, a large selection of t-lights and lanterns and crates to make the display look fab.

£95 – Includes set up on the morning of your wedding. Please do speak to Lucy as to what flowers are likely to be in season for your wedding date or if you are working towards any particular colour schemes.",https://www.incabella.co.uk/product/riverwindowsetup/,riverwindowsetup
Vintage Trunk,£20.00,"Decorations, Furniture, Products.","Large vintage trunk

Use as a quirky table

Also available as part of the Haybale package – see Haybales

Size

1 for £20

Trunk and Suitcase package available for £30

1 Available

Cost to buy / replace £60 per lantern",https://www.incabella.co.uk/product/vintagetrunk/,vintagetrunk
Set of any 4 Garden Games NOT including Giant Chess,£75.00,Garden Games.,"£75 Price includes Delivery, Set up and Installation at Sopley Mill

Any four games EXCEPT Giant Chess ( Giant Jenga, Giant Connect 4, Giant Noughts & Crosses, Giant Dominoes, Giant Pick Up Sticks, Limbo and Quoits.)

Games can be hired for other locations but must be collected and returned to Sopley Mill. If availability allows games can be collected the day before your wedding / event and returned the day after.",https://www.incabella.co.uk/product/set-of-4-garden-games-not-including-giant-chess/,set-of-4-garden-games-not-including-giant-chess
Giant Cornhole,£40.00,Garden Games.,"Or included in the hire of various games packages

A great fun, easy to play game for all ages

Includes 2 x regulation size boards – 120 x 60 cm with a 6 inch target hole.

Includes 8 (4 of each set of) professional corn hole bags",https://www.incabella.co.uk/product/giant-cornhole/,giant-cornhole
Full set of all 8 Garden Games,£125.00,Garden Games.,"£125 or £150 for both Giant Chess and Giant Cornhole

Giant Chess or Giant Cornhole

Giant Jenga

Giant Connect 4

Giant Noughts & Crosses

Giant Dominoes

Giant Pick Up Sticks

Giant Limbo

Quoits

For Games Hire packages away from Sopley Mill, the games need to be collected and returned to Sopley Mill. SOPLEY MILL WEDDINGS ONLY Full set of all 8 Garden Games: £125 Price includes all as above. Games will be set out at Sopley Mill and collected from Sopley Mill early in the evening (we will try and do this while your guests are having their wedding breakfast). Games can be cancelled for a full refund as long as 24 hours notice is given – this should give you time to get a fairly accurate idea of the weather.",https://www.incabella.co.uk/product/full-set-of-all-8-garden-games/,full-set-of-all-8-garden-games
Set of any 4 Garden Games including Giant Chess,£100.00,Garden Games.,"Set of 4 Garden Games to include Giant Chess and your choice of remaining three games: £100

Price includes Delivery, Set up and Installation at Sopley Mill

Giant Chess and your choice of remaining games ( Giant Jenga, Giant Connect 4, Giant Noughts & Crosses, Giant Dominoes, Giant Pick Up Sticks, Limbo and Quoits.)

Games can be hired for other locations but must be collected and returned to Sopley Mill. If availability allows games can be collected the day before your wedding / event and returned the day after.",https://www.incabella.co.uk/product/set-of-4-garden-games/,set-of-4-garden-games
Kids Play Tent,£30.00,"Kids Kit, Products.","Makes a great den for children – can be used inside or out

Fits three small children in with ease and more at a squash!

Integral base with ties and window with flap

£30 to hire for the day or two for £50 Two available (this one and a different pattern for the second one) Cost to buy / replace £85",https://www.incabella.co.uk/product/kids-play-tent/,kids-play-tent
Tall Glass Dinner Candle Holder,£4.00,"Lanterns, Lanterns & Decorations.","Allows you to have tall, elegant dinner candles

Makes lovely table centre pieces – particularly for long tables

Enclosed flame means suitable for indoor use

Each glass holder is 30cm tall, diameter 7cm

Ivory dinner candle included

Please be aware the glass does get very hot when candles have been lit for a long time so keep out of reach of children

To Hire: £4 per glass holder

Packages also available",https://www.incabella.co.uk/product/tall-glass-dinner-candle-holder/,tall-glass-dinner-candle-holder
Rustic Brass Votive,£2.50,"Lanterns, Lanterns & Decorations.","Rustic brass votive

Lattice effect

9.5cm x 7.5cm, tea light included

10 for £20

12 Available Cost to buy / replace £10 per votive",https://www.incabella.co.uk/product/rustic-brass-votive/,rustic-brass-votive
Sana Storm Lantern – Small,£6.95,"Lanterns, Lanterns & Decorations.","Stylish grey steel and glass lanterns

Enclosed Candle means can be used inside and out

Look stunning lining your aisle or as table centre piece

Use outside to add atmosphere to a terrace or bridge

Decorate bottom with rose petals or similar

Size 25 x 15 x 15cm

Pillar Candle Included (may not be new but with plenty of burn time left)

To Hire: £6.95 per Lantern

£40 for six lanterns

£50 for eight lanterns

8 Available

Cost to buy / replace £29.95 per lantern",https://www.incabella.co.uk/product/sana-storm-lantern-small/,sana-storm-lantern-small
Swedish Lantern,£10.00,"Lanterns, Lanterns & Decorations.","Beautiful, antique grey metal lantern.

Enclosed flame means suitable for indoor use

Each lantern is 15 x 37 cm

Pillar Candle Included (may not be new but with plenty of burn time left)

To Hire: £1o.oo per lantern

2 Available

Cost to buy / replace £36.50 per lantern",https://www.incabella.co.uk/product/swedish-lantern/,swedish-lantern
Large Heart Light,£30.00,"Decorations, Lanterns & Decorations.","Handmade steel heart light

Looks stunning in the evening or during the day

Inside use only and requires a plug

Included in the downstairs floor set-up

£30 to hire for the day Only one available Cost to buy / replace £230",https://www.incabella.co.uk/product/large-heart-light/,large-heart-light
10 x Antique Brass Table Numbers,£30.00,"Decorations, Lanterns & Decorations, Products.","Antique Brass table number picture frame

Includes printed table number insert as in image for numbers 1-9 and Top Table or numbers 1-10

Personalised table names possible for a an additional cost

Or print your own table names to put inside instead – takes image size 7×5

£30 for ten antique brass frames with insert. 10 available

Cost to buy / replace £20 per frame",https://www.incabella.co.uk/product/10-x-antique-brass-table-numbers/,10-x-antique-brass-table-numbers
Round mirror plates – table centre pieces,£2.95,"Decorations, Lanterns & Decorations.","Round Mirror Plate – 40cm

Great table centre piece

Decorate with vases / pots of flowers and tea lights

Bevelled Edge

£2.95 per mirror

10 for £25

10 Available

Cost to buy / replace £11.35 per mirror",https://www.incabella.co.uk/product/round-mirror-plate-table-centre-piece/,round-mirror-plate-table-centre-piece
Love light up letters,£20.00,"Decorations, Lanterns & Decorations.","Beautiful aluminium LOVE letters with inbuilt twinkly lights

Each letter measures approx 25cm (h) by 21cm

Battery powered so no plug needed (batteries provided)

Look fab set up on windowsills or head table

Hire with my stepladder and use them to cascade down the ladder

£20 to hire for the day or £15 if hired with a Garden Games package

Two available",https://www.incabella.co.uk/product/love-light-letters/,love-light-letters
Medium Potted Olive Trees,£15.00,"Decorations, Lanterns & Decorations, Products.","Medium Potted Olive Trees

Can be displayed inside or out

These are potted in vintage zinc buckets

£15 for one to hire for the day or £30 for the pair Two available Cost to buy / replace £90 per tree",https://www.incabella.co.uk/product/small-potted-olive-trees/,small-potted-olive-trees
Wooden display step ladder,£20.00,"Decorations, Lanterns & Decorations.","Wooden step ladder painted in Farrow and Ball

Use inside or out

Great for displaying flowers / tea lights / cupcakes

£20 to hire for the day

Only one available

Cost to buy / replace £90",https://www.incabella.co.uk/product/wooden-display-step-ladder/,wooden-display-step-ladder
Silver Lantern,£7.95,"Lanterns, Lanterns & Decorations.","Look great outside on summer evenings, lining a bridge or dotted around a terrace

Great quality lanterns give of soft, flickering, romantic light

Enclosed flame means suitable for indoor use, look stunning lining the wedding aisle

Each lantern is 42cm x 15cm x 16cm (not including the handle)

Pillar Candle Included (may not be new but with plenty of burn time left)

To Hire: £7.95 per Lantern

£45 for six lanterns

£55 for eight lanterns

8 Available

Cost to buy / replace £39.50 per lantern",https://www.incabella.co.uk/product/silver-lantern/,silver-lantern
Outdoor LED Hurricane Lantern,£6.00,"Lanterns, Lanterns & Decorations.","Beautiful, antique grey metal lantern.

Battery powered and equipped with a bulb

Great outdoor lighting for tables / lining a pathway or to be hung up

Perfect for adding a warm glow to any setting

Each lantern is 19 x 15.5 x 30 cm

To Hire: £6.oo per lantern including batteries. Set of 10 for £50

12 Available

Cost to buy / replace £36.50 per lantern",https://www.incabella.co.uk/product/outdoor-led-hurricane-lantern/,outdoor-led-hurricane-lantern
Large white washed lantern,£15.00,"Lanterns, Lanterns & Decorations.","Large White Washed Wooden Lanterns

Enclosed candle means can be used inside and out

Perfect for framing door ways or the start of the aisle

Size Height approx 80cm, Width approx 28cm

1 Pillar Candles Included (may not be new but with plenty of burn time left)

Also offered as part of my ceremony room set-up package

2 for £30 2 Available Cost to buy / replace £115 per lantern",https://www.incabella.co.uk/product/large-white-washed-lantern/,large-white-washed-lantern
Wooden Arch,£165.00,"Decorations, Lanterns & Decorations.","Rustic wooden arch, great for outdoor ceremonies, can also be used inside.

Rustic Wooden Arch

Comes with ivory / white material

Additional fresh greenery added for £75

Flowers can be added for an additional cost",https://www.incabella.co.uk/product/wooden-arch/,wooden-arch
Rope Lantern,£8.95,"Lanterns, Lanterns & Decorations.","Looks stunning either side of venue entrance

Great for inside or out

Enclosed flame means suitable for indoor use

Each lantern is 25cm x 18cm

To Hire: £8.95 per Lantern

Or two for £15 2 Available

Cost to buy / replace £35 per lantern",https://www.incabella.co.uk/product/rope-lantern/,rope-lantern
Country Bunting – 25 Metres,£25.00,"Decorations, Lanterns & Decorations.","25 metres of 100% Cotton English Country Bunting

Combination of checked and striped fabrics on a white cotton line

Consists of 84 Flags (each flat is 19 x 20cm)

Double-sided (two pieces of fabric sewn together)

Can be used inside or outside

Looks fantastic tied to the trees stretching across the lawn

£25 to hire for the day

Only one currently available but please request if you would like more)

Cost to buy / replace £59",https://www.incabella.co.uk/product/bunting/,bunting
Gold Rim Glass T-Light – Small,£1.50,"Lanterns, Lanterns & Decorations.","Glass Tea light holder with gold rim

Gives of lovely sparkling light

Elegant and sophisticated

Ideal dotted around on each table

7cm x 6cm, tea light included

40 for £45

40 Available Cost to buy / replace £6.95 per lantern",https://www.incabella.co.uk/product/gold-rim-glass-t-light-small/,gold-rim-glass-t-light-small
Hanging Tea Light,£7.50,"Lanterns, Lanterns & Decorations.","Sweet Tea Light holders ideal for hanging in trees

Pretty bells around rim

Each holder is 6cm x 8cm

Tealight not included

10 for £7.50

20 for £10.50

20 Available

Cost to buy / replace £2.95 per lantern",https://www.incabella.co.uk/product/hanging-tea-light/,hanging-tea-light
Passu Hanging Tea Light,£17.50,Lanterns.,"Sweet Tea Light holders ideal for hanging in trees

Distressed White

Each holder is 11cm (H) x 8cm (Dia)

Takes standard t-light

Gives out beautifully twinkly light

10 for £17.501 16 Available Cost to buy / replace £9.95 per lantern",https://www.incabella.co.uk/product/passu-hanging-tea-light/,passu-hanging-tea-light
Clear Glass Hurricane Vase,£6.00,"Lanterns, Lanterns & Decorations.","Look great with pillar candles in them

Use to line the aisle or as table centre pieces

Add some pretty decoration around the bottom such as pinecones or dried roses

Size 27cm x 16.5cm

Candle included (may be partially used)

Can also be hired as part of a ceremony room set-up, please ask for details

To Hire: £6 per Lantern

Or 8 for £45

10 for £55

10 Available

Cost to buy / replace £19.95 per lantern.",https://www.incabella.co.uk/product/clear-glass-hurricane-vase/,clear-glass-hurricane-vase
Moroccan Lantern,£15.00,"Lanterns, Lanterns & Decorations.","Lovely Moroccan Lantern

Antique finish with pretty pale blue markings on it

Looks great against red brick work

Approx Size Height 58cm, Width 29cm,

1 Pillar Candles Included (may not be new but with plenty of burn time left)

1 for £15

2 Available

Cost to buy / replace £89.95 per lantern",https://www.incabella.co.uk/product/moroccanlantern/,moroccanlantern
Cast Iron Red Post Box,£40.00,"Decorations, Lanterns & Decorations.","Cast Iron ER Royal Mail Pillar Red Post Box

Complete with display card and key if required

A stylish and secure way to receive your cards and money gifts

£40 to hire for the day

£35 to hire for the day if booked with any other Incabella Hire Items

Only one available

Cost to buy / replace £200",https://www.incabella.co.uk/product/cast-iron-red-post-box/,cast-iron-red-post-box
Wooden Post Box,£20.00,"Decorations, Lanterns & Decorations.","Wooden / Metal Post Box

Rustic style

Looks great on table surrounded by t-lights and lanterns

Great way to receive your cards and gifts

£20 to hire for the day Only one available Cost to buy / replace £50",https://www.incabella.co.uk/product/woodenpostbox/,woodenpostbox
Tall Cylinder Glass Vases,£2.50,"Lanterns, Lanterns & Decorations.","Tall Cylinder Glass Vase

They look fantastic with candles, floating candles or fairylights inside

Look great lining the aisle or as table centre pieces

Various heights available, price from £2.50 per vase depending on size,

See also as table centre piece package and ceremony room package.",https://www.incabella.co.uk/product/tall-cylinder-glass-vases/,tall-cylinder-glass-vases
Ndiki Lantern,£17.50,"Lanterns, Lanterns & Decorations.","Beautiful tall antique brass lantern.

Enclosed flame means suitable for indoor use

Each lantern is 41 x 20 x 20cm

Pillar Candle Included (may not be new but with plenty of burn time left)

To Hire: £17.50 per lantern

2 Available

Cost to buy / replace £65 per lantern",https://www.incabella.co.uk/product/ndiki-lantern/,ndiki-lantern
Sweet Jars,£4.00,"Decorations, Lanterns & Decorations, Products.","Make your own sweet cart using these fab vintage sweet jars

Fill each one with a different type of sweet

Height 30cm

Made from Glass

To Hire: £4.00 per Jar

Or 4 for £15

8 Available

Cost to buy / replace £15.95 per jar",https://www.incabella.co.uk/product/sweetjars/,sweetjars
Small Vintage Milk Churn,£15.00,"Decorations, Lanterns & Decorations, Products.","Small Vintage Milk Churn

Looks fantastic with floral display or potted flowers in it

Great for either side of a door or the aisle

Price for milk churn only £15 to hire for the day £25 for two Two available Cost to replace £35

Milk churn with flower arrangement £80 for one £150 for two",https://www.incabella.co.uk/product/small-vintagemilkchurn/,small-vintagemilkchurn
Rustic Display Blackboard,£15.00,"Decorations, Lanterns & Decorations, Products.","Rustic wooden framed hinged blackboard

Double sided (can write on both sides)

Vintage wooden frame in a light khaki green

Height 98cm, width 46cm

£15 to hire for the day

Only one available

Cost to buy / replace £50",https://www.incabella.co.uk/product/displayblackboard/,displayblackboard
Sparkling Silver T-Light – Small,£10.00,"Lanterns, Lanterns & Decorations.","A gorgeous T-light holder that really does sparkle

Rustic Silver Glass with pretty flower patternIdeal dotted around on each table

Mix and Match with the large ones

7cm High, tea light included

10 for £10

20 for £18.50

40 for £35

20 Small, 20 Large £40

40 Available

Cost to buy / replace £4.95 per lantern",https://www.incabella.co.uk/product/sparkling-silver-t-light-small/,sparkling-silver-t-light-small
Extra Large Silver Lantern,£15.00,"Lanterns, Lanterns & Decorations.","Very Large Stylish Silver Lanterns

Enclosed Candle means can be used inside and out

Perfect for framing door ways or the start of the aisle

Looks great with group of three candles

Decorate bottom with rose petals or similar

Size Height 59cm, Width 30cm, Depth 31cm

3 Pillar Candles Included (may not be new but with plenty of burn time left)

2 for £30

2 Available

Cost to buy / replace £89.95 per lantern",https://www.incabella.co.uk/product/extralargesilverlantern/,extralargesilverlantern
Vintage Apple Crates,£5.00,"Decorations, Furniture, Lanterns & Decorations, Products.","Vintage Wooden Crates – various sizes

Ideal for displaying potted flowers and lanterns

Also available with potted flower hire – just ask for details

Use as side tables with haybales

£5 to hire one

Five available – mixed large and small

Cost to buy / replace £15",https://www.incabella.co.uk/product/vintageapplecrates/,vintageapplecrates
Hanging Heart Tea Light,£7.50,"Lanterns, Lanterns & Decorations.","Sweet Tea Light holders ideal for hanging in trees

Pretty bells around rim

Each holder is 6cm x 8cm

Tealight not included

10 for £7.50

20 for £10.50

20 Available

Cost to buy / replace £2.95 per lantern",https://www.incabella.co.uk/product/hanging-heart-tea-light/,hanging-heart-tea-light
10 x Log Slices,£30.00,"Decorations, Lanterns & Decorations, Products.","Rustic wooden log slices

Various widths / sizes available

All slightly different so please do ask to see them

£30 for 10 Large Slices

£45 for 10 Large and 10 Small Log Slices

Only one available

Cost to buy / replace £50",https://www.incabella.co.uk/product/log-slices/,log-slices
Medium Vintage Milk Churn,£20.00,"Decorations, Lanterns & Decorations.","Aluminium Vintage Milk Churn

Approx 50cm high

Looks fantastic with floral display

Great at the end of the aisle or either side of the door

Incabella is happy to do a flower display for an additional charge please enquire for details

Or fill yourself with flowering branches

£20 to hire for the day £35 for two Two available Cost to replace £60",https://www.incabella.co.uk/product/medium-vintage-milk-churn/,medium-vintage-milk-churn
Large Vintage Milk Churn,£25.00,"Decorations, Lanterns & Decorations.","10 Gallon Aluminium Vintage Milk Churn

Looks fantastic with large floral display

Great at the end of the aisle or either side of the door

Get your florist to provide a flower display or for a less expensive option fill with flowering branches

£25 to hire for the day

£45 for two

Two available

Cost to replace £90",https://www.incabella.co.uk/product/large-vintage-milk-churn/,large-vintage-milk-churn
Mohani Lantern,£10.50,"Lanterns, Lanterns & Decorations.","Stunning asymmetric design antique brass lantern.

Makes lovely table centre piece

Enclosed flame means suitable for indoor use, look stunning lining the wedding aisle

Each lantern is 26 x 16cm

Pillar Candle Included (may not be new but with plenty of burn time left)

Look great outside on summer evenings, lining a bridge or dotted around a terrace

To Hire: £10.50 per lantern

£95 for ten lanterns, 12 Available

Cost to buy / replace £45 per lantern",https://www.incabella.co.uk/product/mohani-lantern/,mohani-lantern
Apple Crate Set-Up,£95.00,"Decorations, Lanterns & Decorations.","Let Incabella do a wonderful Apple Crate Set-Up, looks wonderful outside as your guests arrive .

The set up includes the following:

5 Apple Crates

A selection of lanterns / t-lights

Selection of potted flowers /plants and small posies of flowers

Can be set-up outside or in

Includes set up on the morning of your wedding. Please do speak to Lucy as to what flowers are likely to be in season for your wedding date or if you are working towards any particular colour schemes.",https://www.incabella.co.uk/product/apple-crate-set-up/,apple-crate-set-up
Sparkling Silver T-Light – Large,£1.50,"Lanterns, Lanterns & Decorations.","A gorgeous T-light holder that really does sparkle

Rustic Silver Glass with pretty flower pattern

Ideal dotted around on each table

Mix and Match with the small ones

9cm High, tea light included

10 for £15

20 for £25

40 for £40

20 Small, 20 Large £40

40 Available

Cost to buy / replace £6.95 per lantern",https://www.incabella.co.uk/product/sparkling-silver-t-light-large/,sparkling-silver-t-light-large
Large Potted Olive Trees,£30.00,"Decorations, Lanterns & Decorations, Products.","Large Olive Trees

Can be displayed inside or out

Look great at the end of aisle

These are potted in plastic pot but price includes for them to be put into large dark grey pot.

£30 for one to hire for the day or £60 for the pair Two available Cost to buy / replace £90 per tree",https://www.incabella.co.uk/product/extralargepottedolivetrees/,extralargepottedolivetrees
